sample_id	mg_label	mg_num
CAM20.0001	hypermetabolic	MG3
CAM20.0002	Immunogenic	MG1
CAM20.0003	MG2	MG2
CAM20.0004	MG2	MG2
CAM20.0005	MG2	MG2
CAM20.0006	MG2	MG2
CAM20.0007	MG2	MG2
CAM20.0008	hypermetabolic	MG3
CAM20.0009	Immunogenic	MG1
CAM20.0010	hypermetabolic	MG3
CAM20.0011	hypermetabolic	MG3
CAM20.0012	hypermetabolic	MG3
CAM20.0013	hypermetabolic	MG3
CAM20.0014	hypermetabolic	MG3
CAM20.0015	hypermetabolic	MG3
CAM20.0016	Immunogenic	MG1
CAM20.0017	hypermetabolic	MG3
CAM20.0018	hypermetabolic	MG3
CAM20.0020	Immunogenic	MG1
CAM20.0021	MG2	MG2
CAM20.0022	MG2	MG2
CAM20.0023	hypermetabolic	MG3
CAM20.0025	proliferative	MG4
CAM20.0027	MG2	MG2
CAM20.0028	proliferative	MG4
CAM20.0029	hypermetabolic	MG3
CAM20.0030	MG2	MG2
CAM20.0031	Immunogenic	MG1
CAM20.0033	Immunogenic	MG1
CAM20.0034	hypermetabolic	MG3
CAM20.0035	hypermetabolic	MG3
CAM20.0036	hypermetabolic	MG3
CAM20.0037	MG2	MG2
CAM20.0038	MG2	MG2
CAM20.0039	MG2	MG2
CAM20.0040	proliferative	MG4
CAM20.0041	Immunogenic	MG1
CAM20.0042	hypermetabolic	MG3
CAM20.0043	MG2	MG2
CAM20.0044	proliferative	MG4
CAM20.0045	MG2	MG2
CAM20.0046	hypermetabolic	MG3
CAM20.0047	MG2	MG2
CAM20.0048	proliferative	MG4
CAM20.0049	hypermetabolic	MG3
CAM20.0050	proliferative	MG4
CAM20.0051	hypermetabolic	MG3
CAM20.0052	MG2	MG2
CAM20.0053	MG2	MG2
CAM20.0054	hypermetabolic	MG3
CAM20.0055	MG2	MG2
CAM20.0056	proliferative	MG4
CAM20.0057	MG2	MG2
CAM20.0058	hypermetabolic	MG3
CAM20.0059	proliferative	MG4
CAM20.0060	Immunogenic	MG1
CAM20.0061	MG2	MG2
CAM20.0062	MG2	MG2
CAM20.0063	proliferative	MG4
CAM20.0064	proliferative	MG4
CAM20.0065	MG2	MG2
CAM20.0066	MG2	MG2
CAM20.0067	hypermetabolic	MG3
CAM20.0068	proliferative	MG4
CAM20.0069	hypermetabolic	MG3
CAM20.0070	proliferative	MG4
CAM20.0071	Immunogenic	MG1
CAM20.0073	hypermetabolic	MG3
CAM20.0074	proliferative	MG4
CAM20.0075	hypermetabolic	MG3
CAM20.0076	proliferative	MG4
CAM20.0077	MG2	MG2
CAM20.0078	hypermetabolic	MG3
CAM20.0079	proliferative	MG4
CAM20.0080	proliferative	MG4
CAM20.0081	MG2	MG2
CAM20.0082	Immunogenic	MG1
CAM20.0083	MG2	MG2
CAM20.0084	MG2	MG2
CAM20.0085	hypermetabolic	MG3
CAM20.0087	hypermetabolic	MG3
CAM20.0088	hypermetabolic	MG3
CAM20.0089	proliferative	MG4
CAM20.0090	hypermetabolic	MG3
CAM20.0091	proliferative	MG4
CAM20.0092	hypermetabolic	MG3
CAM20.0093	hypermetabolic	MG3
CAM20.0094	proliferative	MG4
CAM20.0095	proliferative	MG4
CAM20.0096	MG2	MG2
CAM20.0097	proliferative	MG4
CAM20.0098	proliferative	MG4
CAM20.0099	Immunogenic	MG1
CAM20.0100	hypermetabolic	MG3
CAM20.0101	hypermetabolic	MG3
CAM20.0102	hypermetabolic	MG3
CAM20.0103	hypermetabolic	MG3
CAM20.0104	hypermetabolic	MG3
CAM20.0105	hypermetabolic	MG3
CAM20.0106	proliferative	MG4
CAM20.0108	proliferative	MG4
CAM20.0109	proliferative	MG4
CAM20.0110	Immunogenic	MG1
CAM20.0112	Immunogenic	MG1
CAM20.0113	proliferative	MG4
CAM20.0114	hypermetabolic	MG3
CAM20.0118	MG2	MG2
CAM20.0119	hypermetabolic	MG3
CAM20.0120	Immunogenic	MG1
CAM20.0122	MG2	MG2
CAM20.0124	Immunogenic	MG1
CAM20.0125	Immunogenic	MG1
CAM20.0126	hypermetabolic	MG3
CAM20.0127	MG2	MG2
CAM20.0128	hypermetabolic	MG3
CAM20.0129	MG2	MG2
CAM20.0152	hypermetabolic	MG3
CAM20.0153	proliferative	MG4
CAM20.0154	proliferative	MG4
CAM20.0155	proliferative	MG4
CAM20.0156	Immunogenic	MG1
